Time since start (ms),Queue size,Average packet loss
1050,0,0.3103448275862069
2055,0,0.2608695652173913
3260,1,0.20952380952380953
4269,0,0.1935483870967742
5272,1,0.16875
6277,1,0.15508021390374332
7283,1,0.14953271028037382
8289,1,0.13924050632911392
9295,1,0.13780918727915195
10300,1,0.12738853503184713
11506,1,0.12121212121212122
12533,1,0.12044817927170869
13652,1,0.11518324607329843
14679,1,0.11764705882352941
15782,1,0.117096018735363
16789,1,0.11333333333333333
